{
    "loss": 23.620874404907227,
    "accuracy": 0.5686274766921997
}