{
    "loss": 3.12154221534729,
    "accuracy": 0.4313725531101227
}